t,p,median,mean
35,10,0.015481949,0.017327238
35,20,0.007183075,0.0076622167
35,30,0.0016040802,0.0012848035
35,40,-0.0018186569,-0.0012704215
35,50,-0.006334305,-0.004291807
75,10,0.026769638,0.026954046
75,20,0.009548187,0.010244326
75,30,0.0020389557,0.002373573
75,40,-0.0015907288,-0.0018315056
75,50,-0.0027008057,-0.0032075492
